"seed","scenario","montage","coupling","sacc_deg","shuffle","opi","auc_proj","auc_ceiling","null_mean","p_value","opi_truth","bias","gaze_r2","r2_gx","r2_blink"
1,"ocular_corr","full",0.85,8,FALSE,0.411141534584122,0.909973777426026,0.911761979348525,0.498832242841904,0.00497512437810945,0.411390162419776,-0.000248627835654158,0.798676895309497,0.998896552925479,0.492129539893082
2,"ocular_corr","full",0.85,8,FALSE,0.421993352158315,0.923734519586144,0.924970694799996,0.501741167427828,0.00497512437810945,0.422013128381343,-1.97762230279563e-05,0.792906080710341,0.99931344349354,0.483332920053087
3,"ocular_corr","full",0.85,8,FALSE,0.434538561280886,0.93581838187712,0.93610069711581,0.501279820596234,0.00497512437810945,0.432930661215307,0.0016079000655792,0.796342738443969,0.999169448778752,0.490475135039416
4,"ocular_corr","full",0.85,8,FALSE,0.4364336075267,0.936047810839332,0.93670004788315,0.499614203312633,0.00497512437810945,0.435537670423643,0.00089593710305691,0.79899909563602,0.999095529832667,0.500590024242311
5,"ocular_corr","full",0.85,8,FALSE,0.430738346225379,0.931328701538352,0.9320764448212,0.500590355312974,0.00497512437810945,0.426261117549502,0.00447722867587663,0.790235230310426,0.999300936685302,0.457968348894157
6,"ocular_corr","full",0.85,8,FALSE,0.437878869832863,0.940510425663797,0.941142257521,0.502631555830934,0.00497512437810945,0.436268192308334,0.00161067752452848,0.798711915130822,0.999069660452536,0.518892307855708
7,"ocular_corr","full",0.85,8,FALSE,0.430318697224887,0.930338278924013,0.931174396719131,0.500019581699126,0.00497512437810945,0.432566230343792,-0.00224753311890447,0.790815747983298,0.999049405064698,0.477302176448494
8,"ocular_corr","full",0.85,8,FALSE,0.426026596814716,0.925007766478277,0.92575483485916,0.498981169663561,0.00497512437810945,0.427065622284442,-0.00103902546972656,0.795740367723056,0.998744145086446,0.500043549873549
9,"ocular_corr","full",0.85,8,FALSE,0.415103179464363,0.915869555664755,0.916315859835675,0.500766376200392,0.00497512437810945,0.418068845618813,-0.00296566615445021,0.797743635680625,0.999041768531011,0.507666156506535
10,"ocular_corr","full",0.85,8,FALSE,0.432328048617793,0.932352787478398,0.932773438497723,0.500024738860605,0.00497512437810945,0.434884669579909,-0.00255662096211656,0.798703057859109,0.999440739537386,0.487132855507272
11,"ocular_corr","full",0.85,8,FALSE,0.43554834776045,0.937571544570449,0.938363453879512,0.502023196809998,0.00497512437810945,0.436505201973286,-0.000956854212835645,0.80323612622926,0.999447048701958,0.51665606755346
12,"ocular_corr","full",0.85,8,FALSE,0.430816076615321,0.928400453160782,0.929191469107114,0.49758437654546,0.00497512437810945,0.42814445746919,0.00267161914613123,0.782646521888446,0.999148295700758,0.482013136507148
1,"blink_corr","full",0.85,8,FALSE,0.189714390973246,0.689803214016317,0.764738310452415,0.500088823043071,0.00497512437810945,0.184107427235275,0.00560696373797054,0.618695733990295,0.666473965388701,0.911899235152925
2,"blink_corr","full",0.85,8,FALSE,0.199439129736177,0.697590496370688,0.786274986159488,0.498151366634511,0.00497512437810945,0.192948723817309,0.00649040591886829,0.589441315256772,0.641534767608988,0.897256432584071
3,"blink_corr","full",0.85,8,FALSE,0.222950749752619,0.724837091898221,0.78295588126442,0.501886342145602,0.00497512437810945,0.215336407733287,0.0076143420193322,0.580769838091185,0.607415896010749,0.897443686332315
4,"blink_corr","full",0.85,8,FALSE,0.189222395307288,0.688107732919066,0.762413993336401,0.498885337611778,0.00497512437810945,0.179241522284741,0.0099808730225463,0.608066241557577,0.675627674153609,0.907254987190094
5,"blink_corr","full",0.85,8,FALSE,0.203435252378247,0.703318277153122,0.789345139133112,0.499883024774875,0.00497512437810945,0.195982889315118,0.00745236306312952,0.597190654525212,0.638391499646003,0.898744056426185
6,"blink_corr","full",0.85,8,FALSE,0.195252361519942,0.692766200419823,0.789265046668864,0.497513838899881,0.00497512437810945,0.212120420597882,-0.0168680590779407,0.581783194916703,0.611708907673708,0.896447140806076
7,"blink_corr","full",0.85,8,FALSE,0.214302270686508,0.710847294925877,0.782842608033824,0.496545024239369,0.00497512437810945,0.200749695402669,0.013552575283839,0.584453514397237,0.622675011473854,0.891360326269596
8,"blink_corr","full",0.85,8,FALSE,0.178673172062581,0.678670637052004,0.763612360733644,0.499997464989423,0.00497512437810945,0.189445991532622,-0.0107728194700409,0.575079255313668,0.602404588047229,0.893238556685234
9,"blink_corr","full",0.85,8,FALSE,0.188028363504925,0.687514756490001,0.783955896251372,0.499486392985076,0.00497512437810945,0.19282768061397,-0.00479931710904419,0.605302003019232,0.649690065060829,0.897633475864891
10,"blink_corr","full",0.85,8,FALSE,0.200085194353128,0.703615779986842,0.775104246214821,0.503530585633714,0.00497512437810945,0.183850691187079,0.0162345031660495,0.580763351226784,0.6206036354203,0.891638677575542
11,"blink_corr","full",0.85,8,FALSE,0.186162711433538,0.687663911941225,0.812660698116696,0.501501200507687,0.00497512437810945,0.180958960862413,0.00520375057112554,0.610932044193932,0.64850509998379,0.905817921868016
12,"blink_corr","full",0.85,8,FALSE,0.204434259260726,0.705047495569569,0.778429577397127,0.500613236308843,0.00497512437810945,0.203174535806041,0.00125972345468461,0.560609052912402,0.556503294023026,0.887535913862803
1,"covert","full",0.8,8,FALSE,-0.0155005333279259,0.484838578467438,0.743408267320992,0.500339111795364,0.796019900497512,-0.020943298624758,0.00544276529683202,0.580110215623204,0.559252194547468,0.849340890853012
2,"covert","full",0.8,8,FALSE,-0.0080804415799608,0.489060053084138,0.820234448138019,0.497140494664099,0.701492537313433,-0.0112384240167883,0.00315798243682747,0.553888413744314,0.540455095040989,0.82364635727745
3,"covert","full",0.8,8,FALSE,-0.0119314228935375,0.488498299179121,0.743999224269541,0.500429722072658,0.721393034825871,0.027168028820982,-0.0390994517145195,0.53569901658338,0.490712179670679,0.810389818766715
4,"covert","full",0.8,8,FALSE,0.00548660468230766,0.507192395405117,0.730348580326326,0.50170579072281,0.432835820895522,-0.00839908434901743,0.0138856890313251,0.568956499541645,0.564885968643755,0.839326595920675
5,"covert","full",0.8,8,FALSE,0.02068881414147,0.520236019235494,0.817011839418309,0.499547205094024,0.169154228855721,-0.0169223059861267,0.0376111201275967,0.559626179858688,0.539337435706452,0.825519323721424
6,"covert","full",0.8,8,FALSE,-0.00380379983772866,0.494304693221409,0.813815833005008,0.498108493059137,0.587064676616915,0.0118171358783785,-0.0156209357161071,0.542892458241766,0.502675366677879,0.817644596405935
7,"covert","full",0.8,8,FALSE,0.0439098102597608,0.543039327155897,0.763537404911312,0.499129516896136,0.0149253731343284,0.0282947933702569,0.0156150168895039,0.551098424527021,0.534185851493041,0.807220911124101
8,"covert","full",0.8,8,FALSE,-0.0132691329118964,0.487366133965891,0.781261303876466,0.500635266877787,0.751243781094527,-0.0190036051157855,0.00573447220388912,0.535216936857837,0.482753316458466,0.82849583407615
9,"covert","full",0.8,8,FALSE,0.0116616888075478,0.51261024956117,0.804102566341988,0.500948560753622,0.353233830845771,0.00834197556186983,0.00331971324567798,0.568681813446422,0.556047337031731,0.819802527224839
10,"covert","full",0.8,8,FALSE,0.0201019672541963,0.520836240531938,0.786389365839979,0.500734273277742,0.203980099502488,0.0287514184647254,-0.00864945121052907,0.544470374447637,0.511677792879133,0.821931636257361
11,"covert","full",0.8,8,FALSE,0.0293309451924849,0.530167916239069,0.808255025940743,0.500836971046585,0.0497512437810945,0.0256997807249084,0.0036311644675765,0.569761291085414,0.525709635125904,0.847597203408835
12,"covert","full",0.8,8,FALSE,0.000571027648110456,0.501339738522608,0.811121696419635,0.500768710874498,0.527363184079602,-0.00103878519928008,0.00160981284739053,0.519857918447273,0.442937414374726,0.808844575324815
1,"motor","full",0.8,8,FALSE,0.0309236530228341,0.53134265289418,0.854062488807255,0.500418999871346,0.0398009950248756,0.0014069259815519,0.0295167270412822,0.857175596238205,0.995236724235965,0.702264669051677
2,"motor","full",0.8,8,FALSE,0.0334333036781266,0.53391691109167,0.847625058418786,0.500483607413544,0.054726368159204,-0.0050465598267625,0.0384798635048891,0.865937414391062,0.996508363385033,0.701799823279644
3,"motor","full",0.8,8,FALSE,0.00884424779579496,0.512647919212649,0.87581750659925,0.503803671416854,0.378109452736318,0.0128318754842794,-0.00398762768848449,0.854220025056258,0.99534568131729,0.707898640383196
4,"motor","full",0.8,8,FALSE,0.0392956879497468,0.540684091139521,0.816406783021573,0.501388403189774,0.0149253731343284,-0.0631200343305108,0.102415722280258,0.863666463534385,0.996372089059481,0.714975893554519
5,"motor","full",0.8,8,FALSE,0.025846537060112,0.525756667193092,0.838029242283022,0.49991013013298,0.0945273631840796,0.0282460099097648,-0.00239947284965286,0.859605134924889,0.99655469571392,0.692408881489882
6,"motor","full",0.8,8,FALSE,0.0262278421966421,0.525538969084279,0.856206624391259,0.499311126887637,0.104477611940299,0.0118466389010077,0.0143812032956344,0.860495181682169,0.995104718007124,0.734375789794703
7,"motor","full",0.8,8,FALSE,0.0501282320742483,0.549526203578368,0.836231090965774,0.499397971504119,0.00497512437810945,-0.0142541315984987,0.064382363672747,0.853401682921758,0.993752692047123,0.725835281630734
8,"motor","full",0.8,8,FALSE,0.0260634616008269,0.523793872667538,0.787721454488811,0.497730411066711,0.104477611940299,0.0127104545499109,0.013353007050916,0.872301167884098,0.997271372085264,0.731438930122956
9,"motor","full",0.8,8,FALSE,0.0454107627508834,0.546182921448676,0.829199564087241,0.500772158697792,0.0149253731343284,0.0199839205936282,0.0254268421572552,0.861320289082963,0.995832623782048,0.715174389300396
10,"motor","full",0.8,8,FALSE,0.0205576081569706,0.520529039729763,0.83774794198023,0.499971431572792,0.199004975124378,-0.00901089424783835,0.029568502404809,0.863420935490858,0.996619699224951,0.727254901175086
11,"motor","full",0.8,8,FALSE,0.0169783871239687,0.515597796863514,0.89768230500769,0.498619409739546,0.26865671641791,0.0134507898280287,0.00352759729593999,0.865314658344546,0.995695418295344,0.721117084258849
12,"motor","full",0.8,8,FALSE,0.0444321336656509,0.54551712755127,0.824096025940412,0.501084993885619,0.0149253731343284,0.0188355896827673,0.0255965439828836,0.852901643259828,0.995644229428912,0.70733691117664
1,"neutral","full",0.8,8,FALSE,-0.00746225869179595,0.49191376304525,0.68824160816615,0.499376021737046,0.711442786069652,0.0071698158860049,-0.0146320745778009,0.800568816155192,0.998818426838114,0.501861826301664
2,"neutral","full",0.8,8,FALSE,0.0241367015463314,0.523381927432354,0.607358375905591,0.499245225886023,0.164179104477612,0.0284483730515269,-0.00431167150519551,0.793937642722171,0.999293379450158,0.490872264093407
3,"neutral","full",0.8,8,FALSE,-0.018024399337118,0.478890284024816,0.65215871076435,0.496914683361934,0.791044776119403,0.00405443348562262,-0.0220788328227406,0.796784990443607,0.999147921081055,0.495784624344897
4,"neutral","full",0.8,8,FALSE,-0.00505985296792499,0.492784464877377,0.598865967984802,0.497844317845302,0.646766169154229,-0.037899518822115,0.03283966585419,0.799420126952864,0.999067438525142,0.506345859912689
5,"neutral","full",0.8,8,FALSE,-0.0340273606241509,0.46472527822251,0.672184566816963,0.498752638846661,0.880597014925373,-0.0381910196958011,0.00416365907165023,0.790793003862252,0.999282047390933,0.464122515377047
6,"neutral","full",0.8,8,FALSE,-0.00630547427513822,0.495021711391348,0.645366415040041,0.501327185666487,0.651741293532338,-0.0293857885559986,0.0230803142808604,0.79723530753962,0.999053333797634,0.519177419687701
7,"neutral","full",0.8,8,FALSE,0.00999594712147567,0.510315778010463,0.642007023440494,0.500319830888987,0.36318407960199,0.0142606672353169,-0.00426472011384127,0.794659171127578,0.998961364002727,0.490893638195799
8,"neutral","full",0.8,8,FALSE,0.0209886429182443,0.519748119271723,0.601474343893097,0.498759476353479,0.194029850746269,0.0268472112367509,-0.00585856831850667,0.795111486180146,0.9987250622447,0.501874843995206
9,"neutral","full",0.8,8,FALSE,-0.0317662360288827,0.469362245885982,0.649589376982156,0.501128481914865,0.90547263681592,0.00396411915820849,-0.0357303551870912,0.797143903928061,0.999021470098846,0.511273978569391
10,"neutral","full",0.8,8,FALSE,0.00347516582446383,0.503521111302242,0.609850115547266,0.500045945477778,0.492537313432836,-0.00927572654215625,0.0127508923666201,0.802075698444521,0.999406674814681,0.499725203858189
11,"neutral","full",0.8,8,FALSE,-0.016082037423038,0.482904148148951,0.627048689727815,0.498986185571989,0.756218905472637,-0.0141672583129166,-0.00191477911012139,0.807555177258081,0.999403652853716,0.531968876473341
12,"neutral","full",0.8,8,FALSE,0.0186363723826622,0.514865716306984,0.622822666842317,0.496229343924322,0.238805970149254,0.0153064630501585,0.00332990933250371,0.783821301688079,0.999111778270111,0.49265250044819
1,"label_shuffle","full",0.85,8,TRUE,0.00187633433353185,0.497578370075894,0.489268292643779,0.495702035742362,0.54228855721393,0.00636121212432428,-0.00448487779079243,0.798676895309497,0.998896552925479,0.492129539893082
2,"label_shuffle","full",0.85,8,TRUE,0.0202787165149291,0.52033016102689,0.519524371345471,0.50005144451196,0.149253731343284,0.000566275246795866,0.0197124412681332,0.792906080710341,0.99931344349354,0.483332920053087
3,"label_shuffle","full",0.85,8,TRUE,-0.0188465534221675,0.481656828114477,0.478878663200677,0.500503381536645,0.835820895522388,-0.0241860102183979,0.00533945679623044,0.796342738443969,0.999169448778752,0.490475135039416
4,"label_shuffle","full",0.85,8,TRUE,0.0277175030401949,0.527552069211258,0.526134773953364,0.499834566171063,0.0895522388059701,0.0197574216313424,0.00796008140885246,0.79899909563602,0.999095529832667,0.500590024242311
5,"label_shuffle","full",0.85,8,TRUE,-0.0113503693446239,0.489085620832516,0.486373087363561,0.50043599017714,0.721393034825871,-0.01294827103518,0.00159790169055612,0.790235230310426,0.999300936685302,0.457968348894157
6,"label_shuffle","full",0.85,8,TRUE,-0.0014103962554976,0.498774270852575,0.493713074806173,0.500184667108073,0.567164179104478,0.0144348433768727,-0.0158452396323703,0.798711915130822,0.999069660452536,0.518892307855708
7,"label_shuffle","full",0.85,8,TRUE,0.00992407663581174,0.507942113691577,0.515654312307348,0.498018037055765,0.373134328358209,0.0149333650609155,-0.00500928842510379,0.790815747983298,0.999049405064698,0.477302176448494
8,"label_shuffle","full",0.85,8,TRUE,0.0218974533845325,0.522194362437691,0.519027247338892,0.500296909053158,0.174129353233831,0.0319906585570957,-0.0100932051725632,0.795740367723056,0.998744145086446,0.500043549873549
9,"label_shuffle","full",0.85,8,TRUE,0.000990204571727493,0.500820497465237,0.493300985576618,0.49983029289351,0.616915422885572,0.0177469116610507,-0.0167567070893232,0.797743635680625,0.999041768531011,0.507666156506535
10,"label_shuffle","full",0.85,8,TRUE,0.0285184623749829,0.53099960848667,0.527566058084546,0.502481146111687,0.0696517412935323,0.00169235338485529,0.0268261089901276,0.798703057859109,0.999440739537386,0.487132855507272
11,"label_shuffle","full",0.85,8,TRUE,0.00789421903741461,0.506952619183777,0.510866831637758,0.499058400146363,0.388059701492537,0.0121041799342101,-0.00420996089679554,0.80323612622926,0.999447048701958,0.51665606755346
12,"label_shuffle","full",0.85,8,TRUE,0.00232664604416077,0.500187398591786,0.494998322147533,0.497860752547625,0.522388059701492,-0.0064687784659459,0.00879542451010668,0.782646521888446,0.999148295700758,0.482013136507148
