"seed","scenario","method","rank","opi","auc_proj","auc_ceiling","p_value"
1,"ocular_corr","gaze",4,0.411141534584122,0.909973777426026,0.911761979348525,0.00497512437810945
1,"ocular_corr","random",4,0.407335262541121,0.907343786523876,0.911761979348525,0.00497512437810945
1,"ocular_corr","eog",2,0.409602665044876,0.90885528995744,0.911761979348525,0.00497512437810945
1,"ocular_corr","frontal",17,0.411004092874768,0.910043155449765,0.911761979348525,0.00497512437810945
2,"ocular_corr","gaze",4,0.421993352158315,0.923734519586144,0.924970694799996,0.00497512437810945
2,"ocular_corr","random",4,0.420696767811247,0.923040767149335,0.924970694799996,0.00497512437810945
2,"ocular_corr","eog",2,0.425064887628818,0.925711112463403,0.924970694799996,0.00497512437810945
2,"ocular_corr","frontal",17,0.422146720620678,0.923641392757195,0.924970694799996,0.00497512437810945
3,"ocular_corr","gaze",4,0.434538561280886,0.93581838187712,0.93610069711581,0.00497512437810945
3,"ocular_corr","random",4,0.435876976044921,0.937720907948754,0.93610069711581,0.00497512437810945
3,"ocular_corr","eog",2,0.433533663561742,0.935246443449757,0.93610069711581,0.00497512437810945
3,"ocular_corr","frontal",17,0.434525447222507,0.935795098139428,0.93610069711581,0.00497512437810945
4,"ocular_corr","gaze",4,0.4364336075267,0.936047810839332,0.93670004788315,0.00497512437810945
4,"ocular_corr","random",4,0.434548587704254,0.934630193916451,0.93670004788315,0.00497512437810945
4,"ocular_corr","eog",2,0.438046413857702,0.937860394411357,0.93670004788315,0.00497512437810945
4,"ocular_corr","frontal",17,0.436219206802097,0.936046209457002,0.93670004788315,0.00497512437810945
5,"ocular_corr","gaze",4,0.430738346225379,0.931328701538352,0.9320764448212,0.00497512437810945
5,"ocular_corr","random",4,0.427406833426578,0.928045616296725,0.9320764448212,0.00497512437810945
5,"ocular_corr","eog",2,0.430477979010744,0.93131418689592,0.9320764448212,0.00497512437810945
5,"ocular_corr","frontal",17,0.430627648271796,0.931421790097727,0.9320764448212,0.00497512437810945
6,"ocular_corr","gaze",4,0.437878869832863,0.940510425663797,0.941142257521,0.00497512437810945
6,"ocular_corr","random",4,0.441143412428415,0.942409577892882,0.941142257521,0.00497512437810945
6,"ocular_corr","eog",2,0.43987057324693,0.94240458731861,0.941142257521,0.00497512437810945
6,"ocular_corr","frontal",17,0.437771430837716,0.940486877176455,0.941142257521,0.00497512437810945
7,"ocular_corr","gaze",4,0.430318697224887,0.930338278924013,0.931174396719131,0.00497512437810945
7,"ocular_corr","random",4,0.430641518778138,0.931017208786299,0.931174396719131,0.00497512437810945
7,"ocular_corr","eog",2,0.4285971144462,0.928743884255355,0.931174396719131,0.00497512437810945
7,"ocular_corr","frontal",17,0.430548478445849,0.930570673673445,0.931174396719131,0.00497512437810945
8,"ocular_corr","gaze",4,0.426026596814716,0.925007766478277,0.92575483485916,0.00497512437810945
8,"ocular_corr","random",4,0.425778802395751,0.925709910250871,0.92575483485916,0.00497512437810945
8,"ocular_corr","eog",2,0.425707938288457,0.924890681687532,0.92575483485916,0.00497512437810945
8,"ocular_corr","frontal",17,0.425955543225539,0.925031190365288,0.92575483485916,0.00497512437810945
9,"ocular_corr","gaze",4,0.415103179464363,0.915869555664755,0.916315859835675,0.00497512437810945
9,"ocular_corr","random",4,0.416184191172394,0.916776429043013,0.916315859835675,0.00497512437810945
9,"ocular_corr","eog",2,0.416956251425016,0.917145225359934,0.916315859835675,0.00497512437810945
9,"ocular_corr","frontal",17,0.415176545395308,0.915870300368061,0.916315859835675,0.00497512437810945
10,"ocular_corr","gaze",4,0.432328048617793,0.932352787478398,0.932773438497723,0.00497512437810945
10,"ocular_corr","random",4,0.430828163271735,0.929732391781322,0.932773438497723,0.00497512437810945
10,"ocular_corr","eog",2,0.435927424742277,0.935349096664997,0.932773438497723,0.00497512437810945
10,"ocular_corr","frontal",17,0.432221044551029,0.932214179133877,0.932773438497723,0.00497512437810945
11,"ocular_corr","gaze",4,0.43554834776045,0.937571544570449,0.938363453879512,0.00497512437810945
11,"ocular_corr","random",4,0.439060182374366,0.940231077290648,0.938363453879512,0.00497512437810945
11,"ocular_corr","eog",2,0.435364858580371,0.937442800155765,0.938363453879512,0.00497512437810945
11,"ocular_corr","frontal",17,0.435524888660225,0.937662803702609,0.938363453879512,0.00497512437810945
12,"ocular_corr","gaze",4,0.430816076615321,0.928400453160782,0.929191469107114,0.00497512437810945
12,"ocular_corr","random",4,0.429416675261153,0.927045144625238,0.929191469107114,0.00497512437810945
12,"ocular_corr","eog",2,0.429879775596855,0.92807312476945,0.929191469107114,0.00497512437810945
12,"ocular_corr","frontal",17,0.430546457989787,0.928470387292954,0.929191469107114,0.00497512437810945
1,"blink_corr","gaze",4,0.189714390973246,0.689803214016317,0.764738310452415,0.00497512437810945
1,"blink_corr","random",4,0.222009750820548,0.721261113582312,0.764738310452415,0.00497512437810945
1,"blink_corr","eog",2,0.178369864347933,0.674666736625625,0.764738310452415,0.00497512437810945
1,"blink_corr","frontal",17,0.18984526714336,0.688263831805253,0.764738310452415,0.00497512437810945
2,"blink_corr","gaze",4,0.199439129736177,0.697590496370688,0.786274986159488,0.00497512437810945
2,"blink_corr","random",4,0.201738853282949,0.703005074689071,0.786274986159488,0.00497512437810945
2,"blink_corr","eog",2,0.185740817747685,0.685391856758453,0.786274986159488,0.00497512437810945
2,"blink_corr","frontal",17,0.196281074813248,0.694858291042837,0.786274986159488,0.00497512437810945
3,"blink_corr","gaze",4,0.222950749752619,0.724837091898221,0.78295588126442,0.00497512437810945
3,"blink_corr","random",4,0.223505859745312,0.723420176208187,0.78295588126442,0.00497512437810945
3,"blink_corr","eog",2,0.196210570041003,0.695870151417096,0.78295588126442,0.00497512437810945
3,"blink_corr","frontal",17,0.219003650668949,0.72179113394623,0.78295588126442,0.00497512437810945
4,"blink_corr","gaze",4,0.189222395307288,0.688107732919066,0.762413993336401,0.00497512437810945
4,"blink_corr","random",4,0.191289577655297,0.691142977320413,0.762413993336401,0.00497512437810945
4,"blink_corr","eog",2,0.156896995923814,0.658321885430095,0.762413993336401,0.00497512437810945
4,"blink_corr","frontal",17,0.183463333729511,0.682896442350934,0.762413993336401,0.00497512437810945
5,"blink_corr","gaze",4,0.203435252378247,0.703318277153122,0.789345139133112,0.00497512437810945
5,"blink_corr","random",4,0.214464240970221,0.715334843415277,0.789345139133112,0.00497512437810945
5,"blink_corr","eog",2,0.175256192879978,0.673944173776537,0.789345139133112,0.00497512437810945
5,"blink_corr","frontal",17,0.203830000804613,0.704167550361456,0.789345139133112,0.00497512437810945
6,"blink_corr","gaze",4,0.195252361519942,0.692766200419823,0.789265046668864,0.00497512437810945
6,"blink_corr","random",4,0.211855783274178,0.708925329675963,0.789265046668864,0.00497512437810945
6,"blink_corr","eog",2,0.180655103694827,0.676875604051491,0.789265046668864,0.00497512437810945
6,"blink_corr","frontal",17,0.193850644240413,0.690768219503942,0.789265046668864,0.00497512437810945
7,"blink_corr","gaze",4,0.214302270686508,0.710847294925877,0.782842608033824,0.00497512437810945
7,"blink_corr","random",4,0.185453292836279,0.684428453138652,0.782842608033824,0.00497512437810945
7,"blink_corr","eog",2,0.195761717135987,0.694329162720738,0.782842608033824,0.00497512437810945
7,"blink_corr","frontal",17,0.212336406932535,0.708442992107267,0.782842608033824,0.00497512437810945
8,"blink_corr","gaze",4,0.178673172062581,0.678670637052004,0.763612360733644,0.00497512437810945
8,"blink_corr","random",4,0.170543246940981,0.670604322607764,0.763612360733644,0.00497512437810945
8,"blink_corr","eog",2,0.158975151518258,0.65856031076556,0.763612360733644,0.00497512437810945
8,"blink_corr","frontal",17,0.179438211871578,0.67838593970218,0.763612360733644,0.00497512437810945
9,"blink_corr","gaze",4,0.188028363504925,0.687514756490001,0.783955896251372,0.00497512437810945
9,"blink_corr","random",4,0.16778327540852,0.668404208053957,0.783955896251372,0.00497512437810945
9,"blink_corr","eog",2,0.174607502104692,0.674654693434876,0.783955896251372,0.00497512437810945
9,"blink_corr","frontal",17,0.185202522354895,0.684677791761289,0.783955896251372,0.00497512437810945
10,"blink_corr","gaze",4,0.200085194353128,0.703615779986842,0.775104246214821,0.00497512437810945
10,"blink_corr","random",4,0.196403987722192,0.698282828819622,0.775104246214821,0.00497512437810945
10,"blink_corr","eog",2,0.175707001669295,0.677740417690714,0.775104246214821,0.00497512437810945
10,"blink_corr","frontal",17,0.20119061653675,0.70459628239062,0.775104246214821,0.00497512437810945
11,"blink_corr","gaze",4,0.186162711433538,0.687663911941225,0.812660698116696,0.00497512437810945
11,"blink_corr","random",4,0.177115652448429,0.679808904380251,0.812660698116696,0.00497512437810945
11,"blink_corr","eog",2,0.141718445625179,0.643664201514413,0.812660698116696,0.00497512437810945
11,"blink_corr","frontal",17,0.178133935080099,0.679721872856554,0.812660698116696,0.00497512437810945
12,"blink_corr","gaze",4,0.204434259260726,0.705047495569569,0.778429577397127,0.00497512437810945
12,"blink_corr","random",4,0.221126758957372,0.721019635420016,0.778429577397127,0.00497512437810945
12,"blink_corr","eog",2,0.179467814326178,0.680910422871478,0.778429577397127,0.00497512437810945
12,"blink_corr","frontal",17,0.202286122818107,0.70264843046508,0.778429577397127,0.00497512437810945
1,"covert","gaze",4,-0.0155005333279259,0.484838578467438,0.743408267320992,0.796019900497512
1,"covert","random",4,0.0932751834138391,0.591152660028687,0.743408267320992,0.00497512437810945
1,"covert","eog",2,0.00491609207914823,0.498163092698544,0.743408267320992,0.527363184079602
1,"covert","frontal",17,-0.0509884213244487,0.447282443097018,0.743408267320992,0.995024875621891
2,"covert","gaze",4,-0.0080804415799608,0.489060053084138,0.820234448138019,0.701492537313433
2,"covert","random",4,0.0676946185965769,0.567292460652074,0.820234448138019,0.00497512437810945
2,"covert","eog",2,0.0158428778481969,0.511661749751406,0.820234448138019,0.293532338308458
2,"covert","frontal",17,-0.0246599909252494,0.473163330094994,0.820234448138019,0.850746268656716
3,"covert","gaze",4,-0.0119314228935375,0.488498299179121,0.743999224269541,0.721393034825871
3,"covert","random",4,0.0479965546824151,0.546584962568499,0.743999224269541,0.0199004975124378
3,"covert","eog",2,0.01097413098558,0.509970837071038,0.743999224269541,0.3681592039801
3,"covert","frontal",17,-0.0185675071595197,0.482115550941406,0.743999224269541,0.781094527363184
4,"covert","gaze",4,0.00548660468230766,0.507192395405117,0.730348580326326,0.432835820895522
4,"covert","random",4,0.084589734632749,0.584058201668291,0.730348580326326,0.00497512437810945
4,"covert","eog",2,0.0297577691321635,0.532277559974705,0.730348580326326,0.0597014925373134
4,"covert","frontal",17,-0.00432921588324242,0.497606750214767,0.730348580326326,0.582089552238806
5,"covert","gaze",4,0.02068881414147,0.520236019235494,0.817011839418309,0.169154228855721
5,"covert","random",4,0.10956316862924,0.60966886895447,0.817011839418309,0.00497512437810945
5,"covert","eog",2,-0.0193573637132015,0.480194653024052,0.817011839418309,0.805970149253731
5,"covert","frontal",17,0.0320282467013214,0.532105036509462,0.817011839418309,0.0497512437810945
6,"covert","gaze",4,-0.00380379983772866,0.494304693221409,0.813815833005008,0.587064676616915
6,"covert","random",4,0.0500179808609056,0.546720436205273,0.813815833005008,0.00497512437810945
6,"covert","eog",2,0.00310156397397171,0.500156310226936,0.813815833005008,0.522388059701492
6,"covert","frontal",17,-0.00221190915980596,0.494708046140954,0.813815833005008,0.587064676616915
7,"covert","gaze",4,0.0439098102597608,0.543039327155897,0.763537404911312,0.0149253731343284
7,"covert","random",4,0.0593637922974256,0.559255097344245,0.763537404911312,0.00497512437810945
7,"covert","eog",2,0.0315139090054932,0.532637992557933,0.763537404911312,0.0447761194029851
7,"covert","frontal",17,0.0307269759426326,0.530157880688966,0.763537404911312,0.0746268656716418
8,"covert","gaze",4,-0.0132691329118964,0.487366133965891,0.781261303876466,0.751243781094527
8,"covert","random",4,0.0277430481683639,0.528208683464169,0.781261303876466,0.119402985074627
8,"covert","eog",2,-0.032505430838454,0.466831273965801,0.781261303876466,0.890547263681592
8,"covert","frontal",17,-0.0215657487874918,0.477540713120071,0.781261303876466,0.82089552238806
9,"covert","gaze",4,0.0116616888075478,0.51261024956117,0.804102566341988,0.353233830845771
9,"covert","random",4,0.0417255570889582,0.54363285034196,0.804102566341988,0.0149253731343284
9,"covert","eog",2,0.00713206142142642,0.508539433213627,0.804102566341988,0.422885572139304
9,"covert","frontal",17,0.00666547432684517,0.507186492974402,0.804102566341988,0.412935323383085
10,"covert","gaze",4,0.0201019672541963,0.520836240531938,0.786389365839979,0.203980099502488
10,"covert","random",4,0.112577541866147,0.613472112845762,0.786389365839979,0.00497512437810945
10,"covert","eog",2,0.032034137039171,0.531388007818061,0.786389365839979,0.0447761194029851
10,"covert","frontal",17,0.0229798471259274,0.524978138827826,0.786389365839979,0.144278606965174
11,"covert","gaze",4,0.0293309451924849,0.530167916239069,0.808255025940743,0.0497512437810945
11,"covert","random",4,0.0504649460768777,0.552170098084119,0.808255025940743,0.00497512437810945
11,"covert","eog",2,0.0185948953518447,0.518080018001379,0.808255025940743,0.233830845771144
11,"covert","frontal",17,0.0221433394592806,0.522533774590489,0.808255025940743,0.164179104477612
12,"covert","gaze",4,0.000571027648110456,0.501339738522608,0.811121696419635,0.527363184079602
12,"covert","random",4,0.114466070799628,0.613729616182748,0.811121696419635,0.00497512437810945
12,"covert","eog",2,-0.00919779546981409,0.490728351327375,0.811121696419635,0.706467661691542
12,"covert","frontal",17,-0.0412508884336447,0.459577732821321,0.811121696419635,0.955223880597015
1,"motor","gaze",4,0.0309236530228341,0.53134265289418,0.854062488807255,0.0398009950248756
1,"motor","random",4,0.109989483666034,0.609325722231281,0.854062488807255,0.00497512437810945
1,"motor","eog",2,0.0279366328167918,0.528150540852287,0.854062488807255,0.054726368159204
1,"motor","frontal",17,0.0165231989513897,0.517042695013476,0.854062488807255,0.263681592039801
2,"motor","gaze",4,0.0334333036781266,0.53391691109167,0.847625058418786,0.054726368159204
2,"motor","random",4,0.0120820471355895,0.513764654840042,0.847625058418786,0.293532338308458
2,"motor","eog",2,0.0009017865812595,0.500909431660601,0.847625058418786,0.597014925373134
2,"motor","frontal",17,-0.00174716488700666,0.498834375839282,0.847625058418786,0.587064676616915
3,"motor","gaze",4,0.00884424779579496,0.512647919212649,0.87581750659925,0.378109452736318
3,"motor","random",4,0.0984874952646956,0.600954412690105,0.87581750659925,0.00497512437810945
3,"motor","eog",2,-0.00335871158936285,0.50002694839254,0.87581750659925,0.63681592039801
3,"motor","frontal",17,-0.0091808600399837,0.49480157372156,0.87581750659925,0.676616915422886
4,"motor","gaze",4,0.0392956879497468,0.540684091139521,0.816406783021573,0.0149253731343284
4,"motor","random",4,0.097333494778034,0.599749867233718,0.816406783021573,0.00497512437810945
4,"motor","eog",2,-0.0199698823667358,0.481225163898375,0.816406783021573,0.805970149253731
4,"motor","frontal",17,-0.0304961418129494,0.470228703170595,0.816406783021573,0.880597014925373
5,"motor","gaze",4,0.025846537060112,0.525756667193092,0.838029242283022,0.0945273631840796
5,"motor","random",4,0.0343684360270484,0.532654184521946,0.838029242283022,0.054726368159204
5,"motor","eog",2,0.0359203371640153,0.535456857898851,0.838029242283022,0.0348258706467662
5,"motor","frontal",17,0.0296633194147357,0.528861422537226,0.838029242283022,0.0497512437810945
6,"motor","gaze",4,0.0262278421966421,0.525538969084279,0.856206624391259,0.104477611940299
6,"motor","random",4,0.0291384460363838,0.526608927508903,0.856206624391259,0.109452736318408
6,"motor","eog",2,0.0121198074921988,0.511849833859075,0.856206624391259,0.328358208955224
6,"motor","frontal",17,-0.0089219724151624,0.489860770527065,0.856206624391259,0.656716417910448
7,"motor","gaze",4,0.0501282320742483,0.549526203578368,0.836231090965774,0.00497512437810945
7,"motor","random",4,0.0408403953950626,0.539314858911067,0.836231090965774,0.0199004975124378
7,"motor","eog",2,-0.00991180310467188,0.490748637233489,0.836231090965774,0.741293532338308
7,"motor","frontal",17,-0.0110257958329936,0.488287553363696,0.836231090965774,0.716417910447761
8,"motor","gaze",4,0.0260634616008269,0.523793872667538,0.787721454488811,0.104477611940299
8,"motor","random",4,0.0253629860088108,0.523177814599568,0.787721454488811,0.0995024875621891
8,"motor","eog",2,0.00769587690857243,0.503166119021958,0.787721454488811,0.462686567164179
8,"motor","frontal",17,0.0169559371870781,0.514077796444868,0.787721454488811,0.258706467661692
9,"motor","gaze",4,0.0454107627508834,0.546182921448676,0.829199564087241,0.0149253731343284
9,"motor","random",4,0.0640590809379288,0.562831900065388,0.829199564087241,0.00497512437810945
9,"motor","eog",2,0.033872313054035,0.533858076191393,0.829199564087241,0.0199004975124378
9,"motor","frontal",17,0.0302476674470787,0.531391347275841,0.829199564087241,0.0348258706467662
10,"motor","gaze",4,0.0205576081569706,0.520529039729763,0.83774794198023,0.199004975124378
10,"motor","random",4,0.19269114648253,0.693807312202515,0.83774794198023,0.00497512437810945
10,"motor","eog",2,0.00491323392634024,0.505293510952903,0.83774794198023,0.432835820895522
10,"motor","frontal",17,0.000929574046521942,0.500725814327317,0.83774794198023,0.54228855721393
11,"motor","gaze",4,0.0169783871239687,0.515597796863514,0.89768230500769,0.26865671641791
11,"motor","random",4,0.109246199039275,0.609337903100444,0.89768230500769,0.00497512437810945
11,"motor","eog",2,0.00528475263952288,0.504642444126447,0.89768230500769,0.497512437810945
11,"motor","frontal",17,0.00466921267856779,0.5036572006427,0.89768230500769,0.492537313432836
12,"motor","gaze",4,0.0444321336656509,0.54551712755127,0.824096025940412,0.0149253731343284
12,"motor","random",4,0.0519976835055277,0.553197153960229,0.824096025940412,0.00497512437810945
12,"motor","eog",2,0.0158845237972052,0.516671081915039,0.824096025940412,0.258706467661692
12,"motor","frontal",17,0.0146861534612164,0.515619542830292,0.824096025940412,0.263681592039801
